{
  
  "fases": [
    {
      "tipo": "ImageStage",
      "imagen": "FDI"
        }
    ,
    {
    "tipo": "QuizStage",
    "pregunta": "¿Pregunta de prueba 1?",
    "respuestas": [
      {
        "text": "Primera respuesta (correcta)",
        "isCorrect": true
      },
      {
        "text": "Segunda respuesta",
        "isCorrect": false
      },
      {
        "text": "Tercera respuesta",
        "isCorrect": false
      },
      {
        "text": "Cuarta respuesta",
        "isCorrect": false
      }
    ]
    },
    {
      "tipo": "QuizStage",
      "pregunta": "¿Pregunta de prueba 2?",
      "respuestas": [
        {
          "text": "Primera respuesta (correcta)",
          "isCorrect": true
        },
        {
          "text": "Segunda respuesta",
          "isCorrect": false
        },
        {
          "text": "Tercera respuesta (correcta)",
          "isCorrect": true
        }
      ]
    }
    ,
    {
      "tipo": "QRStage",
      "qrValue": "http://EstoEsUnaURL"
        }
  ]
}