{
  "Gencana": "AventuraDeMuestra",
  "fases": [
    {
      "tipo": "QuizStage",
      "Pregunta": "Quiz de demostración",
      "Respuestas": [
        {
          "text": "correcto",
          "isCorrect": false
        },
        {
          "text": "incorrecto",
          "isCorrect": true
        },
        {
          "text": "correcto",
          "isCorrect": false
        },
        {
          "text": "incorrecto",
          "isCorrect": true
        }
      ]
    },
    {
      "tipo": "QRStage",
      "QRText": "QRDeMuestra"
    }
  ]
}